Model	molpdf	CA_l-RMSD	BB_l-RMSD	BB_CB_lRMSD	FA_lRMSD
1LO5.BL00160001.pdb	-42.56022	1.782	N/A	N/A	N/A
1LO5.BL00040001.pdb	-41.08388	1.825	N/A	N/A	N/A
1LO5.BL00080001.pdb	-39.45016	1.873	N/A	N/A	N/A
1LO5.BL00070001.pdb	-39.29741	1.768	N/A	N/A	N/A
1LO5.BL00020001.pdb	-38.13726	1.898	N/A	N/A	N/A
1LO5.BL00150001.pdb	-36.33303	1.83	N/A	N/A	N/A
1LO5.BL00060001.pdb	-36.07715	1.905	N/A	N/A	N/A
1LO5.BL00190001.pdb	-35.20757	1.813	N/A	N/A	N/A
1LO5.BL00120001.pdb	-32.00346	1.799	N/A	N/A	N/A
1LO5.BL00130001.pdb	-31.82941	1.833	N/A	N/A	N/A
1LO5.BL00170001.pdb	-31.24419	1.968	N/A	N/A	N/A
1LO5.BL00180001.pdb	-30.83086	1.925	N/A	N/A	N/A
1LO5.BL00200001.pdb	-27.39141	1.943	N/A	N/A	N/A
1LO5.BL00050001.pdb	-25.75986	2.078	N/A	N/A	N/A
1LO5.BL00140001.pdb	-23.00434	2.007	N/A	N/A	N/A
1LO5.BL00010001.pdb	50.12742	2.608	N/A	N/A	N/A
1LO5.BL00030001.pdb	75.56677	4.023	N/A	N/A	N/A
1LO5.BL00110001.pdb	85.21129	2.189	N/A	N/A	N/A
1LO5.BL00090001.pdb	87.08277	2.69	N/A	N/A	N/A
1LO5.BL00100001.pdb	130.40997	2.534	N/A	N/A	N/A
